[
  {
    "$type": "ICT711_Day5_classes.Associate, ICT711_Day5_7_classes",
    "AssociateId": 1,
    "Department": "Manager",
    "JobDescription": "Store manager",
    "ManagerId": 0,
    "FName": "John",
    "LName": "Smith",
    "Tel": "40300000",
    "Email": "w@s.c"
  },
  {
    "$type": "ICT711_Day5_classes.Associate, ICT711_Day5_7_classes",
    "AssociateId": 78,
    "Department": "Finance",
    "JobDescription": "Finance associate",
    "ManagerId": 1,
    "FName": "Mike",
    "LName": "M",
    "Tel": "40377777",
    "Email": "tyy@s.c"
  },
  {
    "$type": "ICT711_Day5_classes.Associate, ICT711_Day5_7_classes",
    "AssociateId": 4786,
    "Department": "Sales",
    "JobDescription": "Store sales",
    "ManagerId": 1,
    "FName": "Sam",
    "LName": "T",
    "Tel": "40344444",
    "Email": "asd@s.c"
  },
  {
    "$type": "ICT711_Day5_classes.Associate, ICT711_Day5_7_classes",
    "AssociateId": 47851,
    "Department": "Marketing",
    "JobDescription": "Marketing associate",
    "ManagerId": 1,
    "FName": "Jim",
    "LName": "W",
    "Tel": "40388888",
    "Email": "rrr@s.c"
  }
]