[
  {
    "$type": "ICT711_Day5_classes.Customer, ICT711_Day5_7_classes",
    "CustomerId": 100,
    "MainAssociateId": 78,
    "RegisteredOn": "2020-11-20T23:13:02.8475865-06:00",
    "FName": "John",
    "LName": "Smith",
    "Tel": "4030000011",
    "Email": "john@gmail.com"
  },
  {
    "$type": "ICT711_Day5_classes.Customer, ICT711_Day5_7_classes",
    "CustomerId": 110,
    "MainAssociateId": 4786,
    "RegisteredOn": "2020-11-20T23:13:02.8907405-06:00",
    "FName": "Mike",
    "LName": "Todd",
    "Tel": "4035555511",
    "Email": "mike@hotmail.com"
  },
  {
    "$type": "ICT711_Day5_classes.Customer, ICT711_Day5_7_classes",
    "CustomerId": 150,
    "MainAssociateId": 47851,
    "RegisteredOn": "2020-11-20T23:13:02.8907971-06:00",
    "FName": "Eddy",
    "LName": "Sam",
    "Tel": "40377777711",
    "Email": "eddy@server.com"
  },
  {
    "$type": "ICT711_Day5_classes.Customer, ICT711_Day5_7_classes",
    "CustomerId": 177,
    "MainAssociateId": 1,
    "RegisteredOn": "2020-11-20T23:13:02.890893-06:00",
    "FName": "July",
    "LName": "Jack",
    "Tel": "4039999911",
    "Email": "july@yahoo.com"
  },
  {
    "$type": "ICT711_Day5_classes.Customer, ICT711_Day5_7_classes",
    "CustomerId": 178,
    "MainAssociateId": 78,
    "RegisteredOn": "2024-03-25T18:42:42.685433-06:00",
    "FName": "jelly",
    "LName": "Smith",
    "Tel": "4030000011",
    "Email": "jellys@gmail.com"
  },
  {
    "$type": "ICT711_Day5_classes.Customer, ICT711_Day5_7_classes",
    "CustomerId": 179,
    "MainAssociateId": 78,
    "RegisteredOn": "2024-03-26T22:53:31.6616151-06:00",
    "FName": "kassie",
    "LName": "Kai",
    "Tel": "123457890",
    "Email": "kassiekai@gmail.com"
  }
]