{
  "Products": [
    {
      "ProductId": 22,
      "ProductName": "M Shirt",
      "Description": "Men Shirt",
      "Price": 14.47,
      "Quantity": 76
    },
    {
      "ProductId": 23,
      "ProductName": "L Shirt",
      "Description": "Ladies Shirt",
      "Price": 17.47,
      "Quantity": 10
    },
    {
      "ProductId": 24,
      "ProductName": "M Shirt S",
      "Description": "Men Shirt Small",
      "Price": 14.37,
      "Quantity": 10
    },
    {
      "$type": "ICT711_Day5_classes.ProductGarment, ICT711_Day5_7_classes",
      "SizePriceQuantity": {
        "S": {
          "price": 15.0,
          "quantity": 10
        },
        "M": {
          "price": 20.0,
          "quantity": 20
        }
      },
      "ProductId": 25,
      "ProductName": "Ladies Shirt",
      "Description": "Ladies Shirt M1",
      "Price": 0.0,
      "Quantity": 0
    },
    {
      "$type": "ICT711_Day5_classes.ProductGarment, ICT711_Day5_7_classes",
      "SizePriceQuantity": {
        "S": {
          "price": 15.0,
          "quantity": 15
        },
        "M": {
          "price": 19.0,
          "quantity": 7
        }
      },
      "ProductId": 26,
      "ProductName": "L Shirt",
      "Description": "Ladies Shirt M2",
      "Price": 0.0,
      "Quantity": 0
    }
  ]
}