[
  {
    "$type": "ICT711_Day5_classes.Sale, ICT711_Day5_7_classes",
    "Id": 550,
    "Date": "2020-10-01T00:00:00",
    "CustomerId": 100,
    "AssociateId": 4786,
    "ProductsList": [
      {
        "ProductId": 22,
        "ProductName": "M Shirt",
        "Description": "Men Shirt",
        "Price": 14.47,
        "Quantity": 3
      },
      {
        "ProductId": 23,
        "ProductName": "L Shirt",
        "Description": "Ladies Shirt",
        "Price": 17.47,
        "Quantity": 2
      },
      {
        "ProductId": 24,
        "ProductName": "M Shirt S",
        "Description": "Men Shirt Small",
        "Price": 14.37,
        "Quantity": 4
      }
    ],
    "Status": 3
  },
  {
    "$type": "ICT711_Day5_classes.Sale, ICT711_Day5_7_classes",
    "Id": 580,
    "Date": "2020-11-15T15:00:00",
    "CustomerId": 100,
    "AssociateId": 47851,
    "ProductsList": [
      {
        "ProductId": 22,
        "ProductName": "M Shirt",
        "Description": "Men Shirt",
        "Price": 14.47,
        "Quantity": 1
      },
      {
        "ProductId": 23,
        "ProductName": "L Shirt",
        "Description": "Ladies Shirt",
        "Price": 17.47,
        "Quantity": 1
      }
    ],
    "Status": 1
  },
  {
    "$type": "ICT711_Day5_classes.Sale, ICT711_Day5_7_classes",
    "Id": 555,
    "Date": "2020-10-10T00:00:00",
    "CustomerId": 110,
    "AssociateId": 4786,
    "ProductsList": [
      {
        "ProductId": 22,
        "ProductName": "M Shirt",
        "Description": "Men Shirt",
        "Price": 14.47,
        "Quantity": 1
      },
      {
        "ProductId": 23,
        "ProductName": "L Shirt",
        "Description": "Ladies Shirt",
        "Price": 17.47,
        "Quantity": 2
      },
      {
        "$type": "ICT711_Day5_classes.ProductGarment, ICT711_Day5_7_classes",
        "SizePriceQuantity": {
          "S": {
            "price": 15.0,
            "quantity": 2
          },
          "M": {
            "price": 20.0,
            "quantity": 1
          }
        },
        "ProductId": 25,
        "ProductName": "Ladies Shirt",
        "Description": "Ladies Shirt M1",
        "Price": 0.0,
        "Quantity": 0
      },
      {
        "$type": "ICT711_Day5_classes.ProductGarment, ICT711_Day5_7_classes",
        "SizePriceQuantity": {
          "S": {
            "price": 15.0,
            "quantity": 3
          },
          "M": {
            "price": 19.0,
            "quantity": 4
          }
        },
        "ProductId": 26,
        "ProductName": "L Shirt",
        "Description": "Ladies Shirt M2",
        "Price": 0.0,
        "Quantity": 0
      }
    ],
    "Status": 0
  }
]